/*
MySQL Backup
Source Server Version: 5.5.5
Source Database: hl
Date: 2020/5/11 星期一 22:54:55
*/

SET NAMES UTF8;

DROP DATABASE IF EXISTS hl;

CREATE DATABASE hl CHARSET=UTF8;
use hl;

-- ----------------------------
--  Table structure for `cart`
-- ----------------------------

CREATE TABLE `cart` (
  `cid` int(11) NOT NULL AUTO_INCREMENT,
  `fid` int(11) DEFAULT NULL,
  `userid` int(11) DEFAULT NULL,
  `count` int(11) DEFAULT NULL,
  PRIMARY KEY (`cid`)
) ;

-- ----------------------------
--  Table structure for `flower`
-- ----------------------------

CREATE TABLE `flower` (
  `Fid` int(11) NOT NULL AUTO_INCREMENT,
  `Category` char(5) DEFAULT NULL,
  `Price` int(11) DEFAULT NULL,
  `Cpmc` varchar(80) NOT NULL,
  `Instro` varchar(200) DEFAULT NULL,
  `Sales` int(11) DEFAULT NULL,
  `Imag` varchar(300) DEFAULT NULL,
  PRIMARY KEY (`Fid`)
);
-- ----------------------------
--  Table structure for `user`
-- ----------------------------

CREATE TABLE `user` (
  `uid` int(11) NOT NULL AUTO_INCREMENT,
  `uname` varchar(10) NOT NULL,
  `upwd` varchar(10) NOT NULL,
  `name` varchar(6) DEFAULT NULL,
  PRIMARY KEY (`uid`)
) ;
-- ----------------------------
--  Records 
-- ----------------------------
INSERT INTO `cart` VALUES ('12','1','2','2'), ('13','1','1','4'), ('14','2','1','1'), ('15','2','3','1'), ('16','3','3','2'), ('17','6','3','1'), ('18','11','3','1'), ('19','12','3','1'), ('20','7','3','1'), ('21','1','3','4'), ('22','18','3','1');
INSERT INTO `flower` VALUES ('1','玫瑰','520','不变的承诺','99枝红玫瑰','63000','1.jpg'), ('2','玫瑰','569','用心爱你','99枝：33枝戴安娜＋66枝红玫瑰','33000','2.jpg'), ('3','玫瑰','229','韩式系列/初心不负','韩式花束系列花艺师全新打造，卡罗拉玫瑰11枝、白底粉边洋桔梗5枝、大叶尤加利10枝','555','3.jpg'), ('4','玫瑰','298','忘情巴黎','33枝红玫瑰','67000','4.jpg'), ('5','玫瑰','398','爱在心头','玫瑰50枝：戴安娜粉玫瑰19枝，红玫瑰31枝','1000','5.jpg'), ('6','玫瑰','249','一往情深','精品玫瑰礼盒:19枝红玫瑰，勿忘我0.1扎','2005','6.jpg'), ('7','玫瑰','188','缪斯女神','红玫瑰16枝，红豆5枝，粉色桔梗1枝，银叶菊2枝','3000','7.jpg'), ('8','玫瑰','189','缘份','11枝红玫瑰,2枝多头白香水百合','17000','8.jpg'), ('9','玫瑰','339','忘情巴黎＋德芙心语巧克力98克特价组合套装','33枝红玫瑰','1455','9.jpg'), ('10','玫瑰','569','炙热（复古网纱款）／99枝','红玫瑰99枝','565','10.jpg'), ('11','玫瑰','158','抱抱我/自然风抱桶花','向日葵1枝，红玫瑰2枝，红色多头玫瑰2枝','3382','11.jpg'), ('12','玫瑰','149','致美丽的你','红玫瑰11枝，满天星0.3扎，栀子叶0.5扎','524','12.jpg'), ('13','玫瑰','136','爱情花火','红玫瑰9枝，栀子叶5枝、满天星0.2扎','5865','13.jpg'), ('14','玫瑰','136','真爱','红玫瑰9枝，石竹梅4枝，栀子叶0.5扎','325','14.jpg'), ('15','玫瑰','268','真爱+ 生日蛋糕B款（8寸）','红玫瑰9枝，石竹梅4枝，栀子叶0.5扎','1197','15.jpg'), ('16','永生花','298','一鹿(路)有你永生花小夜灯','永生花礼盒','446','16.jpg'), ('17','永生花','999','守护初心口红款礼盒/少女粉','迪奥口红两支：Dior#520、Dior#999口红(专柜正品)＋进口永生玫瑰礼盒','120','17.jpg'), ('18','永生花','298','花好月圆永生花台灯','精选进口奥斯汀永生玫瑰台灯','1077','18.jpg'), ('19','永生花','198','快乐熊','苔藓小熊1只，绿色奥斯丁玫瑰，浅粉桃色小玫瑰','4020','20.jpg'), ('20','永生花','298','一鹿(路)有你永生花小夜灯','永生花礼盒','446','21.jpg'), ('21','永生花','198','一生一世','厄瓜多尔进口永生红玫1朵，双色永生绣球','30400','22.jpg'), ('22','问候长辈','289','星河璀璨','香槟玫瑰9枝、蓝绣球、向日葵、白色洋桔梗、大叶尤加利','1550','23.jpg'), ('23','问候长辈','239','韩式系列/温柔以待','粉色康乃馨13枝，戴安娜玫瑰5枝、粉色洋桔梗5枝、浅紫紫罗兰5枝、尤加利10枝','516','24.jpg'), ('24','问候长辈','269','韩式系列/倍加珍惜','粉色康乃馨11枝，粉佳人玫瑰5枝','117','25.jpg'), ('25','问候长辈','280','圆满','粉百合2枝、红玫瑰9枝、红色康乃馨15枝','7135','26.jpg'), ('26','问候长辈','296','韩式花篮/平淡岁月','苏醒玫瑰13枝，蓝紫色绣球1枝，香槟洋桔梗5枝','56','27.jpg'), ('27','问候长辈','239','留住好时光','粉绣球1枝，粉雪山玫瑰6枝','9846','28.jpg'), ('28','问候长辈','339','感恩有你','紫红康乃馨10枝，苏醒玫瑰10枝，蓝色绣球1枝','354','29.jpg'), ('29','问候长辈','339','感恩有你','紫红康乃馨10枝，苏醒玫瑰10枝，蓝色绣球1枝','354','19.jpg'), ('30','问候长辈','239','留住好时光','粉绣球1枝，粉雪山玫瑰6枝','9846','30.jpg'), ('31','永生花','298','一鹿(路)有你永生花小夜灯','永生花礼盒','446','31.jpg'), ('32','永生花','298','花好月圆永生花台灯','精选进口奥斯汀永生玫瑰台灯','1077','32.jpg');
INSERT INTO `user` VALUES ('1','dingding','123456','丁丁'), ('2','huahua','123456','花花'), ('3','xiaoxiao','123456','小小'), ('4','xixi','123456','西西'), ('5','xiaowang','123456',NULL);
